100|Vandung1|Vandung@1234|Vandung@gmail.com|12/01/2022
107|Bakhang1|Bakhang@1234|Bakhang@gmail.com|12/01/2022
108|Daochang1|Daochang@3|chang@gmail.com|13/01/2022
104|minhday|Minh@1234|minh@gmail.com|13/01/2022
102|tienday|Tien@1234|tien@gmail.com|13/01/2022
105|dungle|Dungle@1|dungle@gmail.com|14/01/2022
